check,logic,IN,TD,,T,#N/A,BROKER,Ticker,EXPECTED_REPORT_DT,NAME,CLASSIFICATION_DESCRIPTION,BICS_LEVEL_3_INDUSTRY_NAME,VOLUME_AVG_6M,LAST_PRICE,HIGH,거래금액,VOLUME,volume-multiple,RT_PX_CHG_PCT_1D,CHG_PCT_5D,H,VOLATILITY_30D,PX_YEST_HIGH,PX_YEST_LOW,Qty,평가금액,CRNCY,Side,FX,TT,LOCAL1,LOCAL2,cost,RETURN,BROKER,Instruction_1,Account,Instruction,Account_1,,
,,,,,,,,NKY Index,,NIKKEI 225,,,"865,486,048 ",32877.35 ,,,#N/A N/A,,-0.19 ,2.06 ,-0.38 ,1.0 ,"32,939.18 ","32,714.94 ",,0 ,JPY,,9.0 ,#N/A,#N/A,#N/A,,,0,TWAP,,TWAP,,,
,,,#N/A,,7588.00 ,0.8%,IN,7011 JP Equity,2023-11-01,MITSUBISHI HEAVY INDUSTRIES,Diversified Industrials,Diversified Industrials,"2,847,350 ",7527.00 ,8608,"2,198 ","1,983,500 ",0.7 ,0.19 ,5.75 ,-0.73 ,2.1 ,"8,550.00 ","8,358.00 ","3,000 ","203,953,850 ",JPY,SELL,9.0 ,#N/A,#N/A,#N/A,"7,690.00 ",-2.1%,IN,VOL_10%,NHMS02 (MS_VJP),VOL_10%,,,
,,,#N/A,#N/A,3410 ,0.7%,IN,7832 JP Equity,2023-11-10,BANDAI NAMCO HOLDINGS INC,Video Games,Entertainment Content,"1,948,334 ",3385.00 ,3434,595 ,"661,400 ",0.3 ,-0.06 ,0.59 ,-1.51 ,2.0 ,"3,399.00 ","3,358.00 ","7,000 ","214,015,610 ",JPY,SELL,9.0 ,#N/A,#N/A,#N/A,"3,375.00 ",0.3%,IN,VOL_10%,NHMS02 (MS_VJP),VOL_10%,,,
,,1 ,1810,2017,1810 ,-10.3%,IN,5406 JP Equity,2023-11-09,KOBE STEEL LTD,Steel Producers,Steel,"9,482,267 ",2017.00 ,0 ,"1,727 ","23,220,800 ",2.4 ,0.00 ,10.75 ,-0.40 ,2.9 ,"2,017.00 ","1,923.50 ","7,000 ","127,524,220 ",JPY,SELL,9.0 ,1810,2017,1810,"1,766.50 ",14.2%,IN,VOL_10%,NHMS02 (MS_VJP),VOL_10%,,,
,,,#N/A,#N/A,2434 ,0.1%,IN,1812 JP Equity,2023-11-10,KAJIMA CORP,Building Construction,Engineering & Construction,"1,967,524 ",2432.00 ,#N/A,436 ,"795,600 ",0.4 ,0.02 ,1.87 ,-1.41 ,2.0 ,"2,455.00 ","2,422.00 ","9,000 ","197,694,605 ",JPY,SELL,9.0 ,#N/A,#N/A,#N/A,"2,369.00 ",2.7%,IN,VOL_10%,NHMS02 (MS_VJP),VOL_10%,,,
,,,#N/A,#N/A,4022 ,-5.7%,IN,6301 JP Equity,2023-10-31,KOMATSU LTD,Construction Machinery,Machinery,"3,398,879 ",4264.00 ,#N/A,"1,309 ","1,072,600 ",0.3 ,-0.05 ,4.18 ,-0.63 ,1.3 ,"4,266.00 ","4,188.00 ","6,000 ","231,077,246 ",JPY,SELL,9.0 ,#N/A,#N/A,#N/A,"4,101.00 ",4.0%,IN,VOL_10%,NHMS02 (MS_VJP),VOL_10%,,,
,,,#N/A,#N/A,8717 ,0.2%,IN,3088 JP Equity,2023-11-14,MATSUKIYOCOCOKARA & CO,Pharmacies & Drug Stores,Retail - Consumer Staples,"571,402 ",8703.00 ,#N/A,445 ,"134,500 ",0.2 ,-0.59 ,0.83 ,-0.69 ,2.0 ,"8,669.00 ","8,561.00 ","2,500 ","196,515,916 ",JPY,SELL,9.0 ,#N/A,#N/A,#N/A,"8,996.00 ",-3.3%,IN,VOL_10%,NHMS02 (MS_VJP),VOL_10%,,,
,,,#N/A,#N/A,6944 ,0.8%,IN,7550 JP Equity,2023-11-10,ZENSHO HOLDINGS CO LTD,Limited Service Restaurants,Leisure Facilities & Services,"1,009,094 ",6891.00 ,#N/A,633 ,"1,007,200 ",1.0 ,-1.67 ,-1.96 ,-1.67 ,4.3 ,"7,215.00 ","6,881.00 ","3,000 ","186,720,603 ",JPY,SELL,9.0 ,#N/A,#N/A,#N/A,"7,292.00 ",-5.5%,IN,VOL_10%,NHMS02 (MS_VJP),VOL_10%,,,
,,,7824,7513,7397 ,-1.4%,IN,6701 JP Equity,2023-10-27,NEC CORP,IT Services,Technology Services,"1,135,332 ",7502.00 ,-1 ,805 ,"610,800 ",0.5 ,0.03 ,4.00 ,-0.91 ,1.5 ,"7,850.00 ","7,778.00 ","3,000 ","203,276,443 ",JPY,SELL,9.0 ,7824,7824,7826,"7,397.00 ",1.4%,IN,VOL_10%,NHMS02 (MS_VJP),VOL_10%,,,
,,,#N/A,#N/A,21020 ,1.7%,IN,8035 JP Equity,2023-11-10,TOKYO ELECTRON LTD,Front End Capital Equipment,Semiconductors,"3,616,920 ",20670.00 ,#N/A,"7,061 ","1,114,000 ",0.3 ,0.61 ,2.46 ,-0.35 ,2.0 ,"21,565.00 ","21,330.00 ","1,000 ","186,693,507 ",JPY,SELL,9.0 ,#N/A,#N/A,#N/A,"21,185.00 ",-2.4%,IN,VOL_10%,NHMS02 (MS_VJP),VOL_10%,,,
,,,#N/A,618.8,605 ,-2.0%,IN,9501 JP Equity,2023-11-01,TOKYO ELECTRIC POWER COMPANY,Integrated Electric Utilities,Electric Utilities,"25,002,060 ",617.30 ,-1 ,"1,337 ","9,213,900 ",0.4 ,-0.71 ,-3.69 ,-0.74 ,2.3 ,637.90 ,624.30 ,"40,000 ","223,020,613 ",JPY,SELL,9.0 ,#N/A,#N/A,#N/A,606.40 ,1.8%,IN,VOL_10%,NHMS02 (MS_VJP),VOL_10%,,,
,,1 ,2804,2914.5,2804 ,-2.6%,IN,7270 JP Equity,2023-11-02,SUBARU CORP,Automobiles,Automotive,"3,005,139 ",2879.50 ,1 ,782 ,"1,365,400 ",0.5 ,-1.20 ,5.01 ,-1.00 ,1.7 ,"2,914.50 ","2,818.50 ","8,000 ","208,063,456 ",JPY,SELL,9.0 ,2804,2914.5,2804,"2,689.50 ",7.1%,IN,VOL_10%,NHMS02 (MS_VJP),VOL_10%,,,
,,1 ,1529.5,1596,1530 ,-3.7%,IN,7261 JP Equity,2023-11-10,MAZDA MOTOR CORP,Automobiles,Automotive,"4,834,072 ",1588.50 ,-1 ,694 ,"3,006,200 ",0.6 ,-0.47 ,5.79 ,-1.61 ,1.9 ,"1,597.00 ","1,551.00 ","16,000 ","229,559,854 ",JPY,SELL,9.0 ,1529.5,1596,1529.5,"1,430.00 ",11.1%,IN,VOL_10%,NHMS02 (MS_VJP),VOL_10%,,,
,,1 ,4720,4834,4720 ,-2.1%,IN,7267 JP Equity,2023-11-09,HONDA MOTOR CO LTD,Automobiles,Automotive,"5,053,037 ",4821.00 ,-1 ,"2,200 ","2,799,500 ",0.6 ,-0.27 ,4.53 ,-0.35 ,1.9 ,"4,834.00 ","4,754.00 ","5,000 ","217,718,771 ",JPY,SELL,9.0 ,4720,4834,4720,"4,546.00 ",6.0%,IN,VOL_10%,NHMS02 (MS_VJP),VOL_10%,,,
,,,#N/A,#N/A,2084 ,-0.5%,IN,9503 JP Equity,2023-10-31,KANSAI ELECTRIC POWER CO INC,Integrated Electric Utilities,Electric Utilities,"2,947,984 ",2094.50 ,#N/A,560 ,"1,511,200 ",0.5 ,-0.19 ,2.53 ,-0.64 ,1.9 ,"2,119.50 ","2,087.50 ","11,000 ","208,095,068 ",JPY,SELL,9.0 ,#N/A,#N/A,#N/A,"1,958.50 ",6.9%,IN,VOL_10%,NHMS02 (MS_VJP),VOL_10%,,,
,,,#N/A,#N/A,8061 ,0.1%,IN,9020 JP Equity,2023-10-31,EAST JAPAN RAILWAY CO,Passenger Rail,Transportation & Logistics,"1,346,550 ",8053.00 ,#N/A,"1,001 ","358,600 ",0.3 ,0.15 ,1.33 ,-0.78 ,0.9 ,"8,276.00 ","8,193.00 ","2,800 ","203,659,404 ",JPY,SELL,9.0 ,#N/A,#N/A,#N/A,"8,101.00 ",-0.6%,IN,VOL_10%,NHMS02 (MS_VJP),VOL_10%,,,
,,1 ,9534,9919,9534 ,-4.5%,IN,6501 JP Equity,2023-10-27,HITACHI LTD,Diversified Industrials,Diversified Industrials,"2,598,375 ",9986.00 ,1 ,"2,344 ","1,101,800 ",0.4 ,-0.59 ,5.70 ,-0.78 ,1.9 ,"10,045.00 ","9,866.00 ","2,500 ","225,486,377 ",JPY,SELL,9.0 ,9534,9919,9534,"9,373.00 ",6.5%,IN,VOL_10%,NHMS02 (MS_VJP),VOL_10%,,,
,,,27830,28745,26795 ,1.0%,IN,6146 JP Equity,2023-10-20,DISCO CORP,Semiconductor Mfg,Semiconductors,"1,047,178 ",26535.00 ,1 ,"2,637 ","617,300 ",0.6 ,-0.29 ,1.60 ,-0.73 ,2.7 ,"28,130.00 ","27,645.00 ",800 ,"191,733,419 ",JPY,SELL,9.0 ,27830,27830,28745,"28,075.00 ",-5.5%,IN,VOL_10%,NHMS02 (MS_VJP),VOL_10%,,,
,,1 ,3353,3472,3353 ,-2.7%,IN,9531 JP Equity,2023-10-27,TOKYO GAS CO LTD,Gas Distribution,Gas & Water Utilities,"1,611,832 ",3446.00 ,-1 ,502 ,"464,700 ",0.3 ,-0.75 ,1.68 ,-1.29 ,1.6 ,"3,476.00 ","3,409.00 ","7,000 ","217,872,316 ",JPY,SELL,9.0 ,3353,3472,3353,"3,312.00 ",4.0%,IN,VOL_10%,NHMS02 (MS_VJP),VOL_10%,,,
,,,8707,8850,8410 ,-1.2%,IN,4062 JP Equity,2023-10-27,IBIDEN CO LTD,PCBs,Technology Hardware,"1,433,794 ",8512.00 ,-1 ,"1,143 ","323,200 ",0.2 ,-0.26 ,3.26 ,-0.73 ,3.1 ,"8,870.00 ","8,769.00 ","2,500 ","192,203,088 ",JPY,SELL,9.0 ,8707,8850,8707,"8,913.00 ",-4.5%,IN,VOL_10%,NHMS02 (MS_VJP),VOL_10%,,,
,,1 ,9971,10225,9971 ,-1.4%,IN,6902 JP Equity,2023-10-27,DENSO CORP,Auto Parts,Automotive,"1,500,661 ",10110.00 ,-1 ,"1,370 ","545,900 ",0.4 ,-1.12 ,4.61 ,-1.41 ,1.5 ,"10,225.00 ","10,000.00 ","2,500 ","228,286,328 ",JPY,SELL,9.0 ,9971,10225,9971,"9,747.00 ",3.7%,IN,VOL_10%,NHMS02 (MS_VJP),VOL_10%,,,
,,1 ,5036,5384,5036 ,-4.3%,IN,6098 JP Equity,2023-11-14,RECRUIT HOLDINGS CO LTD,Employment Agencies,Commercial Support Services,"4,846,746 ",5261.00 ,1 ,"2,303 ","1,622,100 ",0.3 ,-1.18 ,4.28 ,-1.18 ,1.8 ,"5,384.00 ","5,300.00 ","5,000 ","237,589,391 ",JPY,SELL,9.0 ,5036,5384,5036,"4,967.00 ",5.9%,IN,VOL_10%,NHMS02 (MS_VJP),VOL_10%,,,
,,,#N/A,#N/A,6096 ,0.4%,IN,2802 JP Equity,2023-11-07,AJINOMOTO CO INC,"Spices, Extracts & Flavorings",Food,"1,601,950 ",6073.00 ,#N/A,878 ,"428,500 ",0.3 ,-0.23 ,0.30 ,-1.41 ,1.7 ,"6,103.00 ","6,022.00 ","4,000 ","219,407,773 ",JPY,SELL,9.0 ,#N/A,#N/A,#N/A,"6,025.00 ",0.8%,IN,VOL_10%,NHMS02 (MS_VJP),VOL_10%,,,
,,1 ,2273,2337.5,2273 ,-4.1%,IN,6326 JP Equity,2023-11-09,KUBOTA CORP,Farm Machinery & Equipment,Machinery,"3,846,548 ",2369.00 ,1 ,823 ,"1,789,900 ",0.5 ,-0.77 ,5.95 ,-0.90 ,1.7 ,"2,388.00 ","2,347.00 ","10,000 ","213,970,449 ",JPY,SELL,9.0 ,2273,2337.5,2273,"2,221.50 ",6.6%,IN,VOL_10%,NHMS02 (MS_VJP),VOL_10%,,,
,,1 ,8705,8713,8705 ,-0.9%,IN,4901 JP Equity,2023-11-10,FUJIFILM HOLDINGS CORP,Medical Equipment,Medical Equipment & Devices,"1,392,050 ",8782.00 ,1 ,"1,104 ","570,300 ",0.4 ,0.88 ,3.35 ,-0.31 ,1.8 ,"8,723.00 ","8,641.00 ","2,500 ","198,299,756 ",JPY,SELL,9.0 ,8705,8705,8713,"8,581.00 ",2.3%,IN,VOL_10%,NHMS02 (MS_VJP),VOL_10%,,,
,,1 ,3162,3202,3162 ,-6.3%,IN,8801 JP Equity,2023-11-09,MITSUI FUDOSAN CO LTD,Multi Asset Class Own & Develop,Real Estate Owners & Developers,"3,108,115 ",3376.00 ,1 ,948 ,"2,275,100 ",0.7 ,1.14 ,5.76 ,-0.85 ,1.5 ,"3,340.00 ","3,250.00 ","7,000 ","213,446,587 ",JPY,SELL,9.0 ,3162,3162,3202,"3,189.00 ",5.9%,IN,VOL_10%,NHMS02 (MS_VJP),VOL_10%,,,
,,1 ,1846,1849.5,1846 ,-5.5%,IN,8802 JP Equity,2023-11-10,MITSUBISHI ESTATE CO LTD,Office Owners & Developers,Real Estate Owners & Developers,"4,991,179 ",1953.00 ,1 ,880 ,"2,966,100 ",0.6 ,0.83 ,5.74 ,-0.31 ,1.4 ,"1,937.50 ","1,897.50 ","12,000 ","211,676,296 ",JPY,SELL,9.0 ,1846,1846,1849.5,"1,841.50 ",6.1%,IN,VOL_10%,NHMS02 (MS_VJP),VOL_10%,,,
,,1 ,3132,3237,3132 ,-3.1%,IN,2768 JP Equity,2023-11-01,SOJITZ CORP,Plastic Matl & Forms Whslrs,Chemicals,"1,926,185 ",3232.00 ,-1 ,562 ,"941,700 ",0.5 ,-0.15 ,3.99 ,-0.52 ,1.8 ,"3,237.00 ","3,177.00 ","7,000 ","204,342,230 ",JPY,SELL,9.0 ,3132,3237,3132,"3,120.00 ",3.6%,IN,VOL_10%,NHMS02 (MS_VJP),VOL_10%,,,
,,,#N/A,#N/A,5529 ,-0.1%,IN,4578 JP Equity,2023-10-31,OTSUKA HOLDINGS CO LTD,Large Pharma,Biotech & Pharma,"1,582,754 ",5535.00 ,#N/A,787 ,"344,000 ",0.2 ,-1.40 ,-0.42 ,-1.13 ,1.5 ,"5,584.00 ","5,510.00 ","4,000 ","199,970,694 ",JPY,SELL,9.0 ,#N/A,#N/A,#N/A,"5,517.00 ",0.3%,IN,VOL_10%,NHMS02 (MS_VJP),VOL_10%,,,
,,1 ,3500,3642,3500 ,-2.8%,IN,5401 JP Equity,2023-11-01,NIPPON STEEL CORP,Steel Producers,Steel,"10,534,770 ",3600.00 ,1 ,"3,425 ","8,598,800 ",0.8 ,-1.15 ,5.08 ,-0.55 ,1.4 ,"3,648.00 ","3,535.00 ","7,000 ","227,608,920 ",JPY,SELL,9.0 ,3500,3642,3500,"3,449.00 ",4.4%,IN,VOL_10%,NHMS02 (MS_VJP),VOL_10%,,,
,,1 ,543,566.3,543 ,-3.6%,IN,5020 JP Equity,2023-11-10,ENEOS HOLDINGS INC,Refining & Marketing,Oil & Gas Producers,"15,691,550 ",563.50 ,-1 ,799 ,"7,013,700 ",0.4 ,-0.30 ,4.72 ,-0.72 ,1.6 ,565.60 ,556.30 ,"42,000 ","213,762,711 ",JPY,SELL,9.0 ,543,566.3,543,538.90 ,4.6%,IN,VOL_10%,NHMS02 (MS_VJP),VOL_10%,,,
,,1 ,12145,12550,12145 ,-1.9%,IN,6758 JP Equity,2023-11-09,SONY GROUP CORP,Consumer Electronics,Technology Hardware,"3,384,981 ",12375.00 ,1 ,"3,783 ","1,537,100 ",0.5 ,-1.12 ,3.60 ,-1.04 ,1.5 ,"12,590.00 ","12,460.00 ","2,000 ","223,544,475 ",JPY,SELL,9.0 ,12145,12550,12145,"12,075.00 ",2.5%,IN,VOL_10%,NHMS02 (MS_VJP),VOL_10%,,,
,,1 ,8707,8850,8707 ,-1.4%,IN,4062 JP Equity,2023-10-27,IBIDEN CO LTD,PCBs,Technology Hardware,"1,433,794 ",8827.00 ,-1 ,"1,143 ","323,200 ",0.2 ,-0.26 ,3.26 ,-0.73 ,3.1 ,"8,870.00 ","8,769.00 ","2,500 ","199,315,867 ",JPY,SELL,9.0 ,8707,8850,8707,"8,820.00 ",0.1%,IN,VOL_10%,NHMS02 (MS_VJP),VOL_10%,,,
,,,#N/A,#N/A,7470 ,-0.8%,IN,6971 JP Equity,2023-10-31,KYOCERA CORP,Electronics Components,Technology Hardware,"1,110,873 ",7527.00 ,#N/A,758 ,"223,500 ",0.2 ,-0.08 ,3.59 ,-0.33 ,1.3 ,"7,570.00 ","7,490.00 ","3,000 ","203,953,850 ",JPY,SELL,9.0 ,#N/A,#N/A,#N/A,"7,484.00 ",0.6%,IN,VOL_10%,NHMS02 (MS_VJP),VOL_10%,,,
,,1 ,8156,8331,8156 ,-2.9%,IN,6981 JP Equity,2023-10-31,MURATA MANUFACTURING CO LTD,Electronics Components,Technology Hardware,"1,789,890 ",8403.00 ,1 ,"1,358 ","920,400 ",0.5 ,0.86 ,4.50 ,-0.14 ,1.5 ,"8,346.00 ","8,171.00 ","2,700 ","204,921,188 ",JPY,SELL,9.0 ,8156,8331,8156,"8,148.00 ",3.1%,IN,VOL_10%,NHMS02 (MS_VJP),VOL_10%,,,
,,,#N/A,#N/A,2329 ,4.1%,IN,5411 JP Equity,2023-11-02,JFE HOLDINGS INC,Steel Producers,Steel,"5,110,020 ",2238.00 ,#N/A,"1,038 ","24,350,100 ",4.8 ,-7.76 ,-1.58 ,-0.86 ,2.2 ,"2,437.00 ","2,368.50 ","10,000 ","202,138,398 ",JPY,SELL,9.0 ,#N/A,#N/A,#N/A,"2,301.00 ",-2.7%,IN,VOL_10%,NHMS02 (MS_VJP),VOL_10%,,,
,,,#N/A,#N/A,4209 ,-0.9%,IN,6301 JP Equity,2023-10-31,KOMATSU LTD,Construction Machinery,Machinery,"3,398,879 ",4248.00 ,#N/A,"1,309 ","1,072,600 ",0.3 ,-0.05 ,4.18 ,-0.63 ,1.3 ,"4,266.00 ","4,188.00 ","5,500 ","211,025,984 ",JPY,SELL,9.0 ,#N/A,#N/A,#N/A,"4,129.00 ",2.9%,IN,VOL_10%,NHMS02 (MS_VJP),VOL_10%,,,
,,,#N/A,#N/A,5712 ,-1.7%,IN,8113 JP Equity,2023-11-07,UNICHARM CORP,Sanitary Paper Products,Household Products,"1,095,218 ",5808.00 ,#N/A,564 ,"366,300 ",0.3 ,-1.91 ,-0.77 ,-2.03 ,1.8 ,"5,876.00 ","5,785.00 ","4,000 ","209,833,747 ",JPY,SELL,9.0 ,#N/A,#N/A,#N/A,"5,769.00 ",0.7%,IN,VOL_10%,NHMS02 (MS_VJP),VOL_10%,,,
,,,#N/A,#N/A,2938 ,-3.6%,IN,1928 JP Equity,2023-09-07,SEKISUI HOUSE LTD,Homebuilding,Home Construction,"2,724,693 ",3046.00 ,#N/A,749 ,"767,900 ",0.3 ,-0.33 ,3.64 ,-0.62 ,0.9 ,"3,054.00 ","3,002.00 ","8,000 ","220,094,213 ",JPY,SELL,9.0 ,#N/A,#N/A,#N/A,"2,955.50 ",3.1%,IN,VOL_10%,NHMS02 (MS_VJP),VOL_10%,,,
,,,#N/A,#N/A,6079 ,-2.8%,IN,9697 JP Equity,2023-10-26,CAPCOM CO LTD,Mobile & Online Games,Entertainment Content,"1,021,801 ",6255.00 ,#N/A,573 ,"280,400 ",0.3 ,-1.26 ,2.69 ,-1.57 ,3.3 ,"6,289.00 ","6,191.00 ","3,500 ","197,735,249 ",JPY,SELL,9.0 ,#N/A,#N/A,#N/A,"6,159.00 ",1.6%,IN,VOL_10%,NHMS02 (MS_VJP),VOL_10%,,,
,,1 ,16370,16465,16370 ,-1.8%,IN,7741 JP Equity,2023-10-27,HOYA CORP,Ophthalmic Goods,Medical Equipment & Devices,"1,164,812 ",16665.00 ,1 ,"1,753 ","491,700 ",0.4 ,1.37 ,4.68 ,-0.42 ,1.8 ,"16,485.00 ","16,240.00 ","1,500 ","225,779,920 ",JPY,SELL,9.0 ,16370,16370,16465,"16,135.00 ",3.3%,IN,VOL_10%,NHMS02 (MS_VJP),VOL_10%,,,
,,1 ,27830,28745,27830 ,-0.2%,IN,6146 JP Equity,2023-10-20,DISCO CORP,Semiconductor Mfg,Semiconductors,"1,047,178 ",27885.00 ,1 ,"2,637 ","617,300 ",0.6 ,-0.29 ,1.60 ,-0.73 ,2.7 ,"28,130.00 ","27,645.00 ",800 ,"201,488,087 ",JPY,SELL,9.0 ,27830,27830,28745,"28,530.00 ",-2.3%,IN,VOL_10%,NHMS02 (MS_VJP),VOL_10%,,,
,,,#N/A,#N/A,426 ,-4.2%,IN,4689 JP Equity,2023-11-02,Z HOLDINGS CORP,Adv Rev - Internet Portals,Internet Media & Services,"16,706,530 ",444.20 ,#N/A,666 ,"7,139,600 ",0.4 ,-0.81 ,5.68 ,-1.85 ,2.8 ,447.40 ,439.80 ,"50,000 ","200,602,941 ",JPY,SELL,9.0 ,#N/A,#N/A,#N/A,431.90 ,2.8%,IN,VOL_10%,NHMS02 (MS_VJP),VOL_10%,,,
,,,#N/A,#N/A,16930 ,2.6%,IN,6526 JP Equity,2023-10-27,SOCIONEXT INC,Semiconductor Devices,Semiconductors,"3,178,889 ",16500.00 ,#N/A,"4,726 ","2,599,700 ",0.8 ,-5.18 ,-2.78 ,-1.61 ,4.0 ,"17,670.00 ","17,340.00 ","1,200 ","178,835,580 ",JPY,SELL,9.0 ,#N/A,#N/A,#N/A,"17,950.00 ",-8.1%,IN,VOL_10%,NHMS02 (MS_VJP),VOL_10%,,,
,,1 ,5240,5321,5240 ,-2.4%,IN,7936 JP Equity,2023-11-10,ASICS CORP,Apparel Design,Apparel & Textile Products,"1,076,192 ",5368.00 ,1 ,522 ,"463,700 ",0.4 ,0.62 ,3.89 ,-0.28 ,2.9 ,"5,340.00 ","5,166.00 ","4,400 ","213,330,976 ",JPY,SELL,9.0 ,5240,5240,5321,"5,300.00 ",1.3%,IN,VOL_10%,NHMS02 (MS_VJP),VOL_10%,,,
,,1 ,6974,7569,6974 ,-7.6%,IN,8058 JP Equity,2023-11-08,MITSUBISHI CORP,Food & Beverage Wholesalers,Wholesale - Consumer Staples,"6,983,137 ",7549.00 ,-1 ,"4,761 ","4,358,900 ",0.6 ,-0.26 ,8.57 ,-0.66 ,1.6 ,"7,569.00 ","7,321.00 ","3,000 ","204,549,969 ",JPY,SELL,9.0 ,6974,7569,6974,"7,304.00 ",3.4%,IN,VOL_10%,NHMS02 (MS_VJP),VOL_10%,,,
,,1 ,10085,10250,10085 ,-1.9%,IN,6988 JP Equity,2023-10-26,NITTO DENKO CORP,Specialty Chemicals,Chemicals,"654,866 ",10280.00 ,1 ,608 ,"124,800 ",0.2 ,0.39 ,4.77 ,-0.29 ,1.6 ,"10,280.00 ","10,110.00 ","2,300 ","213,554,972 ",JPY,SELL,9.0 ,10085,10250,10085,"10,115.00 ",1.6%,IN,VOL_10%,NHMS02 (MS_VJP),VOL_10%,,,
,,1 ,7824,7826,7824 ,-0.4%,IN,6701 JP Equity,2023-10-27,NEC CORP,IT Services,Technology Services,"1,135,332 ",7852.00 ,1 ,805 ,"610,800 ",0.5 ,0.03 ,4.00 ,-0.91 ,1.5 ,"7,850.00 ","7,778.00 ","2,800 ","198,576,138 ",JPY,SELL,9.0 ,7824,7824,7826,"7,802.00 ",0.6%,IN,VOL_10%,NHMS02 (MS_VJP),VOL_10%,,,
,,1 ,8784,8990,8784 ,-2.1%,IN,8015 JP Equity,2023-10-27,TOYOTA TSUSHO CORP,Metals & Ore Whslrs & Traders,Metals & Mining,"815,079 ",8970.00 ,-1 ,660 ,"260,400 ",0.3 ,-0.22 ,5.10 ,-0.98 ,2.5 ,"8,990.00 ","8,830.00 ","2,700 ","218,748,430 ",JPY,SELL,9.0 ,8784,8990,8784,"8,844.00 ",1.4%,IN,VOL_10%,NHMS02 (MS_VJP),VOL_10%,,,
,,1 ,10160,10350,10160 ,-0.7%,IN,9735 JP Equity,2023-11-10,SECOM CO LTD,Security Services,Commercial Support Services,"660,557 ",10230.00 ,1 ,610 ,"114,700 ",0.2 ,-0.63 ,0.29 ,-0.82 ,1.9 ,"10,350.00 ","10,155.00 ","2,200 ","203,276,443 ",JPY,SELL,9.0 ,10160,10350,10160,"10,240.00 ",-0.1%,IN,VOL_10%,NHMS02 (MS_VJP),VOL_10%,,,
,,1 ,22585,22810,22585 ,0.4%,IN,6920 JP Equity,2023-10-31,LASERTEC CORP,Front End Capital Equipment,Semiconductors,"10,009,050 ",22505.00 ,-1 ,"20,345 ","10,520,600 ",1.1 ,-0.42 ,1.33 ,-3.54 ,2.8 ,"23,025.00 ","22,505.00 ","1,000 ","203,267,411 ",JPY,SELL,9.0 ,22585,22585,22810,"23,255.00 ",-3.2%,IN,VOL_10%,NHMS02 (MS_VJP),VOL_10%,,,
,,,,,,,,,,,,,,,,,,,,,,,,,,,,,,,,,,,,,,,,,
,,,,,,,,,,,,,,,,,,,,,,,,,,,,,,,,,,,,,,,,,
,,,,,,,,,,,,,,,,,,,-0.20 ,,,,,,," 5,685,561,533 ",,,,,,,,"192,385,536 ",,,,,,,
,,,,,,,,,,,,,,,,,,,,,,,,,,,,,,,,,,,,,,,,,
,,,,,,,,kospi2 index,,KOSPI 200 INDEX,,,"132,529,401 ",340.26 ,,,"55,593 ",,-0.22 ,1.91 ,-0.35 ,0.9 ,341.02 ,337.60 ,,0 ,KRW,,1.0 ,#N/A,#N/A,#N/A,,,0,TWAP,,TWAP,,,
,,,64600,,70800 ,1.0%,IN,091990 KS Equity,2023-11-13,CELLTRION HEALTHCARE CO LTD,Generic Pharma,Biotech & Pharma,"1,100,858 ",70100.00 ,"65,600.00 ",716 ,"195,207 ",0.2 ,0.00 ,-2.70 ,-0.91 ,3.0 ,"65,500.00 ","64,200.00 ","3,000 ","210,300,000 ",KRW,SELL,1.0 ,64600,64600,66900,69800,0.4%,IN,VOL_10%,NHMS05 (MS_VKR),VOL_10%,,,
,,,#N/A,,8180 ,1.1%,IN,270520 KS Equity,2024-05-16,GEOLIT ENERGY CO LTD,Heating & Cooling Appliances,Home & Office Products,"5,278,759 ",8090.00 ,"10,200.00 ",526 ,"835,193 ",0.2 ,6.75 ,11.05 ,-2.35 ,5.1 ,"9,470.00 ","8,900.00 ","20,000 ","161,800,000 ",KRW,SELL,1.0 ,#N/A,#N/A,#N/A,9550,-15.3%,IN,VOL_10%,NHMS05 (MS_VKR),VOL_10%,,,
,,,#N/A,,56300 ,0.2%,IN,263750 KS Equity,2023-11-09,PEARL ABYSS CORP,Mobile & Online Games,Entertainment Content,"366,871 ",56200.00 ,"49,350.00 ",180 ,"100,205 ",0.3 ,-0.20 ,1.66 ,-0.81 ,3.8 ,"49,500.00 ","48,350.00 ","3,500 ","196,700,000 ",KRW,SELL,1.0 ,#N/A,#N/A,#N/A,57700,-2.6%,IN,VOL_10%,NHMS05 (MS_VKR),VOL_10%,,,
,,,#N/A,,130400 ,3.2%,IN,090430 KS Equity,2023-10-31,AMOREPACIFIC CORP,Cosmetics,Household Products,"314,445 ",126400.00 ,"135,500.00 ",416 ,"82,228 ",0.3 ,-1.12 ,0.76 ,-2.44 ,3.5 ,"134,700.00 ","130,500.00 ","1,500 ","189,600,000 ",KRW,SELL,1.0 ,#N/A,#N/A,#N/A,131400,-3.8%,IN,VOL_10%,NHMS05 (MS_VKR),VOL_10%,,,
,,,32300,,31400 ,0.8%,IN,058610 KS Equity,2023-11-10,SPG CO LTD,Electrical Components,Electrical Equipment,"2,264,904 ",31150.00 ,"37,750.00 ",841 ,"2,241,532 ",1.0 ,0.41 ,22.85 ,-1.59 ,4.5 ,"40,600.00 ","32,800.00 ","6,000 ","186,900,000 ",KRW,SELL,1.0 ,32300,39200,32300,32350,-3.7%,IN,VOL_10%,NHMS05 (MS_VKR),VOL_10%,,,
,,,#N/A,#N/A,70400 ,-11.3%,IN,360070 KS Equity,2024-02-13,TOP MATERIAL CO LTD,Electronics Batteries,Technology Hardware,"253,050 ",79400.00 ,#N/A,189 ,"48,072 ",0.2 ,0.00 ,-6.52 ,-2.61 ,4.9 ,"76,000.00 ","72,600.00 ","2,800 ","222,320,000 ",KRW,SELL,1.0 ,#N/A,#N/A,#N/A,73700,7.7%,IN,VOL_10%,NHMS05 (MS_VKR),VOL_10%,,,
,,1 ,58200,59900,58200 ,-1.4%,IN,042700 KS Equity,2023-10-20,HANMI SEMICONDUCTOR CO LTD,Back End Capital Equipment,Semiconductors,"4,760,690 ",59000.00 ,-1 ,"2,809 ","1,658,787 ",0.3 ,1.37 ,6.51 ,-2.32 ,5.1 ,"60,300.00 ","57,600.00 ","4,000 ","236,000,000 ",KRW,SELL,1.0 ,58200,59900,58200,57700,2.3%,IN,VOL_10%,NHMS05 (MS_VKR),VOL_10%,,,
,,,#N/A,#N/A,143500 ,0.0%,IN,121600 KS Equity,2023-11-14,ADVANCED NANO PRODUCTS CO LT,Nanotechnology,Chemicals,"453,238 ",143500.00 ,#N/A,699 ,"87,866 ",0.2 ,0.78 ,-2.10 ,-0.19 ,4.4 ,"154,900.00 ","146,000.00 ","1,500 ","215,250,000 ",KRW,SELL,1.0 ,#N/A,#N/A,#N/A,149200,-3.8%,IN,VOL_10%,NHMS05 (MS_VKR),VOL_10%,,,
,,,#N/A,1259000,1199000 ,-4.5%,IN,086520 KS Equity,2023-10-18,ECOPRO CO LTD,Inorganic Base Chemicals,Chemicals,"1,356,462 ",1255000.00 ,1 ,"14,718 ","534,239 ",0.4 ,-2.34 ,-11.14 ,-2.95 ,7.1 ,"1,179,000.00 ","1,101,000.00 ",150 ,"188,250,000 ",KRW,SELL,1.0 ,#N/A,#N/A,#N/A,1260000,-0.4%,IN,VOL_10%,NHMS05 (MS_VKR),VOL_10%,,,
,,,53600,55300,51800 ,1.0%,IN,002710 KS Equity,2023-11-14,TCC STEEL,Electroplating,Industrial Intermediate Prod,"1,224,858 ",51300.00 ,-1 ,697 ,"253,990 ",0.2 ,1.25 ,10.89 ,-1.90 ,6.0 ,"58,000.00 ","53,700.00 ","4,000 ","205,200,000 ",KRW,SELL,1.0 ,53600,53600,55300,54300,-5.5%,IN,VOL_10%,NHMS05 (MS_VKR),VOL_10%,,,
,,,8490,8570,8490 ,4.6%,IN,257720 KS Equity,2023-11-08,SILICON2 CO LTD,Online Marketplace,E-Commerce Discretionary,"5,672,444 ",8120.00 ,-1 ,504 ,"3,018,579 ",0.5 ,4.71 ,11.81 ,-0.34 ,4.6 ,"8,730.00 ","8,240.00 ","25,000 ","203,000,000 ",KRW,SELL,1.0 ,8490,8490,8570,8500,-4.5%,IN,VOL_10%,NHMS05 (MS_VKR),VOL_10%,,,
,,,#N/A,#N/A,119400 ,2.0%,IN,000660 KS Equity,2023-10-26,SK HYNIX INC,DRAM,Semiconductors,"3,744,356 ",117100.00 ,#N/A,"4,486 ","1,205,140 ",0.3 ,0.50 ,1.18 ,-0.99 ,2.7 ,"119,700.00 ","116,200.00 ","1,700 ","199,070,000 ",KRW,SELL,1.0 ,#N/A,#N/A,#N/A,122900,-4.7%,IN,VOL_10%,NHMS05 (MS_VKR),VOL_10%,,,
,,,#N/A,#N/A,#N/A,#N/A,IN,003670 KS Equity,2023-10-24,POSCO FUTURE M CO LTD,Advanced Materials,Chemicals,"1,217,803 ",467000.00 ,#N/A,"5,553 ","411,815 ",0.3 ,3.40 ,0.44 ,-0.22 ,4.8 ,"444,500.00 ","422,500.00 ",500 ,"233,500,000 ",KRW,SELL,1.0 ,#N/A,#N/A,#N/A,456000,2.4%,IN,VOL_10%,NHMS05 (MS_VKR),VOL_10%,,,
,,,#N/A,#N/A,245500 ,-1.2%,IN,352820 KS Equity,2023-11-03,HYBE CO LTD,Music,Entertainment Content,"293,180 ",248500.00 ,#N/A,737 ,"56,098 ",0.2 ,0.40 ,0.00 ,-0.40 ,2.8 ,"255,000.00 ","245,000.00 ",900 ,"223,650,000 ",KRW,SELL,1.0 ,#N/A,#N/A,#N/A,236000,5.3%,IN,VOL_10%,NHMS05 (MS_VKR),VOL_10%,,,
,,,29300,31300,25750 ,-18.6%,IN,009520 KS Equity,2023-10-24,POSCO M-TECH CO LTD,Containers & Packaging,Containers & Packaging,"6,199,475 ",31650.00 ,1 ,"2,111 ","7,602,939 ",1.2 ,9.13 ,7.75 ,-5.15 ,6.1 ,"31,500.00 ","28,550.00 ","7,000 ","221,550,000 ",KRW,SELL,1.0 ,29300,29300,31300,31000,2.1%,IN,VOL_10%,NHMS05 (MS_VKR),VOL_10%,,,
,,,#N/A,#N/A,17750 ,1.9%,IN,034020 KS Equity,2023-11-01,DOOSAN ENERBILITY CO LTD,Construction Machinery,Machinery,"6,264,485 ",17420.00 ,#N/A,"1,063 ","2,664,748 ",0.4 ,-1.28 ,-2.19 ,-1.57 ,2.2 ,"17,710.00 ","17,170.00 ","12,000 ","209,040,000 ",KRW,SELL,1.0 ,#N/A,#N/A,#N/A,17130,1.7%,IN,VOL_10%,NHMS05 (MS_VKR),VOL_10%,,,
,,,#N/A,#N/A,199200 ,-13.2%,IN,066970 KS Equity,2023-11-09,L&F CO LTD,Energy Storage Systems,Renewable Energy,"1,172,420 ",229500.00 ,#N/A,"2,468 ","190,507 ",0.2 ,-0.71 ,-10.78 ,-1.64 ,4.6 ,"213,000.00 ","205,500.00 ",900 ,"206,550,000 ",KRW,SELL,1.0 ,#N/A,#N/A,#N/A,229500,0.0%,IN,VOL_10%,NHMS05 (MS_VKR),VOL_10%,,,
,,,#N/A,#N/A,7120 ,-9.0%,IN,074610 KS Equity,2023-11-14,ENPLUS CO LTD,Commercial Vehicles Mfg,Transportation Equipment,"6,854,328 ",7820.00 ,#N/A,511 ,"1,248,409 ",0.2 ,-4.49 ,3.76 ,-5.70 ,5.6 ,"8,150.00 ","7,500.00 ","27,000 ","211,140,000 ",KRW,SELL,1.0 ,#N/A,#N/A,#N/A,7410,5.5%,IN,VOL_10%,NHMS05 (MS_VKR),VOL_10%,,,
,,,32300,39200,29950 ,-1.0%,IN,058610 KS Equity,2023-11-10,SPG CO LTD,Electrical Components,Electrical Equipment,"2,264,904 ",30250.00 ,1 ,841 ,"2,241,532 ",1.0 ,0.41 ,22.85 ,-1.59 ,4.5 ,"40,600.00 ","32,800.00 ","7,000 ","211,750,000 ",KRW,SELL,1.0 ,32300,39200,32300,29600,2.2%,IN,VOL_10%,NHMS05 (MS_VKR),VOL_10%,,,
,,,167000,176900,173900 ,-0.4%,IN,328130 KS Equity,2023-11-13,LUNIT INC,Health Care Software,Software,"745,330 ",174600.00 ,-1 ,"1,684 ","1,789,645 ",2.4 ,27.11 ,31.86 ,-1.74 ,6.3 ,"181,500.00 ","169,100.00 ","1,300 ","226,980,000 ",KRW,SELL,1.0 ,167000,167000,176900,163300,6.9%,IN,VOL_10%,NHMS05 (MS_VKR),VOL_10%,,,
,,,#N/A,#N/A,151400 ,-4.6%,IN,121600 KS Equity,2023-11-14,ADVANCED NANO PRODUCTS CO LT,Nanotechnology,Chemicals,"453,238 ",158700.00 ,#N/A,699 ,"87,866 ",0.2 ,0.78 ,-2.10 ,-0.19 ,4.4 ,"154,900.00 ","146,000.00 ","1,300 ","206,310,000 ",KRW,SELL,1.0 ,#N/A,#N/A,#N/A,155600,2.0%,IN,VOL_10%,NHMS05 (MS_VKR),VOL_10%,,,
,,,#N/A,#N/A,22900 ,0.4%,IN,108860 KS Equity,2023-11-13,SELVAS AI INC,Application Software,Software,"3,347,218 ",22800.00 ,#N/A,778 ,"1,218,274 ",0.4 ,-1.48 ,-1.27 ,-2.72 ,6.6 ,"24,250.00 ","22,650.00 ","10,000 ","228,000,000 ",KRW,SELL,1.0 ,#N/A,#N/A,#N/A,22050,3.4%,IN,VOL_10%,NHMS05 (MS_VKR),VOL_10%,,,
,,,#N/A,#N/A,134200 ,4.6%,IN,041510 KS Equity,2023-11-14,SM ENTERTAINMENT CO LTD,Music,Entertainment Content,"597,367 ",128300.00 ,#N/A,797 ,"83,380 ",0.1 ,0.08 ,-5.66 ,-0.45 ,2.8 ,"135,800.00 ","127,500.00 ","1,500 ","192,450,000 ",KRW,SELL,1.0 ,#N/A,#N/A,#N/A,141300,-9.2%,IN,VOL_10%,NHMS05 (MS_VKR),VOL_10%,,,
,,,#N/A,#N/A,176000 ,0.3%,IN,096770 KS Equity,2023-11-03,SK INNOVATION CO LTD,Integrated Oils,Oil & Gas Producers,"880,639 ",175400.00 ,#N/A,"1,575 ","154,397 ",0.2 ,-0.33 ,1.59 ,-0.39 ,3.8 ,"180,000.00 ","174,700.00 ","1,100 ","192,940,000 ",KRW,SELL,1.0 ,#N/A,#N/A,#N/A,178000,-1.5%,IN,VOL_10%,NHMS05 (MS_VKR),VOL_10%,,,
,,1 ,70000,72300,70000 ,-5.1%,IN,137400 KS Equity,2023-11-14,PEOPLE & TECHNOLOGY INC,Ind Process Automation Mach,Machinery,"710,487 ",73800.00 ,1 ,524 ,"196,355 ",0.3 ,-0.54 ,7.88 ,-1.73 ,3.6 ,"75,200.00 ","69,800.00 ","3,000 ","221,400,000 ",KRW,SELL,1.0 ,70000,70000,72300,72500,1.8%,IN,VOL_10%,NHMS05 (MS_VKR),VOL_10%,,,
,,1 ,53600,55300,53600 ,-5.8%,IN,002710 KS Equity,2023-11-14,TCC STEEL,Electroplating,Industrial Intermediate Prod,"1,224,858 ",56900.00 ,1 ,697 ,"253,990 ",0.2 ,1.25 ,10.89 ,-1.90 ,6.0 ,"58,000.00 ","53,700.00 ","3,600 ","204,840,000 ",KRW,SELL,1.0 ,53600,53600,55300,54600,4.2%,IN,VOL_10%,NHMS05 (MS_VKR),VOL_10%,,,
,,1 ,64600,66900,64600 ,-0.6%,IN,091990 KS Equity,2023-11-13,CELLTRION HEALTHCARE CO LTD,Generic Pharma,Biotech & Pharma,"1,100,858 ",65000.00 ,1 ,716 ,"195,207 ",0.2 ,0.00 ,-2.70 ,-0.91 ,3.0 ,"65,500.00 ","64,200.00 ","3,000 ","195,000,000 ",KRW,SELL,1.0 ,64600,64600,66900,66400,-2.1%,IN,VOL_10%,NHMS05 (MS_VKR),VOL_10%,,,
,,,#N/A,#N/A,116600 ,-29.3%,IN,277810 KS Equity,2023-11-14,RAINBOW ROBOTICS,Industrial Robot,Machinery,"1,189,998 ",165000.00 ,#N/A,"2,023 ","1,672,773 ",1.4 ,4.62 ,44.27 ,-1.11 ,7.8 ,"174,000.00 ","160,100.00 ","1,600 ","264,000,000 ",KRW,SELL,1.0 ,#N/A,#N/A,#N/A,123400,33.7%,IN,VOL_10%,NHMS05 (MS_VKR),VOL_10%,,,
,,1 ,40150,43250,40150 ,-4.1%,IN,304100 KS Equity,2023-11-14,SALTLUX INC,Application Software,Software,"1,277,358 ",41850.00 ,1 ,535 ,"866,289 ",0.7 ,-0.24 ,9.97 ,-1.53 ,8.2 ,"44,200.00 ","40,300.00 ","5,000 ","209,250,000 ",KRW,SELL,1.0 ,40150,43250,40150,40800,2.6%,IN,VOL_10%,NHMS05 (MS_VKR),VOL_10%,,,
,,1 ,32300,39200,32300 ,-13.1%,IN,058610 KS Equity,2023-11-10,SPG CO LTD,Electrical Components,Electrical Equipment,"2,264,904 ",37150.00 ,1 ,841 ,"2,241,532 ",1.0 ,0.41 ,22.85 ,-1.59 ,4.5 ,"40,600.00 ","32,800.00 ","5,500 ","204,325,000 ",KRW,SELL,1.0 ,32300,39200,32300,37200,-0.1%,IN,VOL_10%,NHMS05 (MS_VKR),VOL_10%,,,
,,1 ,29300,31300,29300 ,-14.0%,IN,009520 KS Equity,2023-10-24,POSCO M-TECH CO LTD,Containers & Packaging,Containers & Packaging,"6,199,475 ",34050.00 ,1 ,"2,111 ","7,602,939 ",1.2 ,9.13 ,7.75 ,-5.15 ,6.1 ,"31,500.00 ","28,550.00 ","6,000 ","204,300,000 ",KRW,SELL,1.0 ,29300,29300,31300,34000,0.1%,IN,VOL_10%,NHMS05 (MS_VKR),VOL_10%,,,
,,1 ,167000,176900,167000 ,-26.1%,IN,328130 KS Equity,2023-11-13,LUNIT INC,Health Care Software,Software,"745,330 ",226000.00 ,1 ,"1,684 ","1,789,645 ",2.4 ,27.11 ,31.86 ,-1.74 ,6.3 ,"181,500.00 ","169,100.00 ","1,000 ","226,000,000 ",KRW,SELL,1.0 ,167000,167000,176900,212500,6.4%,IN,VOL_10%,NHMS05 (MS_VKR),VOL_10%,,,
,,1 ,21100,29600,21100 ,-28.7%,IN,067310 KS Equity,2023-11-14,HANA MICRON INC,Assembly & Testing Services,Semiconductors,"2,583,291 ",29600.00 ,0 ,765 ,"13,843,071 ",5.4 ,0.34 ,49.42 ,-6.62 ,6.0 ,"30,400.00 ","28,100.00 ","7,000 ","207,200,000 ",KRW,SELL,1.0 ,21100,29600,21100,28950,2.2%,IN,VOL_10%,NHMS05 (MS_VKR),VOL_10%,,,
,,,,,,,,,,,,,,,,,,,,,,,,,,,,,,,,,,,,,,,,,
,,,,,,,,,,,,,,,,,,,4.48 ,,,,,,," 1,908,315,000 ",,,,,,,," 74,375,000 ",,,,,,,
,,,,,,,,,,,,,,,,,,,,,,,,,,,,,,,,,,,,,,,,,
,,,,,,,,TWSE Index,,TAIWAN TAIEX INDEX,,,"3,548,931,635 ",16753.00 ,,,#N/A N/A,,-0.22 ,0.83 ,-0.19 ,0.8 ,"16,789.69 ","16,648.51 ",,0 ,TWD,,41.5 ,#N/A,#N/A,#N/A,,,0,TWAP,,TWAP,,,
,,1 ,335,348,335 ,-4.6%,IN,3035 TT Equity,2023-10-25,FARADAY TECHNOLOGY CORP,Analog ICs,Semiconductors,"16,453,110 ",351.00 ,1 ,"2,398 ","13,774,167 ",0.8 ,1.74 ,4.62 ,-0.99 ,5.0 ,345.00 ,336.00 ,"15,000 ","218,628,599 ",TWD,SELL,41.5 ,335,335,348,347,1.2%,IN,VOL_10%,NHMS05 (MS_VKR),VOL_10%,,,
,,,#N/A,#N/A,469 ,0.1%,IN,2345 TT Equity,2023-11-10,ACCTON TECHNOLOGY CORP,Wireline Data Network Equip,Technology Hardware,"4,095,643 ",468.00 ,#N/A,803 ,"2,140,146 ",0.5 ,0.43 ,-0.32 ,-1.87 ,4.1 ,478.00 ,463.50 ,"13,000 ","252,637,492 ",TWD,SELL,41.5 ,#N/A,#N/A,#N/A,398.5,17.4%,IN,VOL_10%,NHMS05 (MS_VKR),VOL_10%,,,
,,,#N/A,#N/A,37 ,-1.5%,IN,2353 TT Equity,2023-11-03,ACER INC,Personal Computers,Technology Hardware,"26,114,750 ",37.85 ,#N/A,410 ,"16,323,140 ",0.6 ,1.07 ,4.70 ,-1.56 ,2.1 ,37.50 ,36.30 ,"130,000 ","204,323,270 ",TWD,SELL,41.5 ,#N/A,#N/A,#N/A,38.35,-1.3%,IN,VOL_10%,NHMS05 (MS_VKR),VOL_10%,,,
,,1 ,201,215.5,201 ,-3.8%,IN,2368 TT Equity,2023-11-10,GOLD CIRCUIT ELECTRONICS LTD,PCBs,Technology Hardware,"14,944,560 ",209.00 ,1 ,"1,297 ","7,495,722 ",0.5 ,1.46 ,4.23 ,-0.95 ,4.2 ,207.00 ,201.00 ,"25,000 ","216,967,603 ",TWD,SELL,41.5 ,201,201,215.5,192.5,8.6%,IN,VOL_10%,NHMS05 (MS_VKR),VOL_10%,,,
,,,#N/A,#N/A,#N/A,#N/A,IN,2324 TT Equity,2023-11-13,COMPAL ELECTRONICS,EMS/ODM,Technology Hardware,"38,354,020 ",34.00 ,#N/A,505 ,"19,207,007 ",0.5 ,-0.47 ,-4.80 ,-2.01 ,3.1 ,31.85 ,31.40 ,"130,000 ","183,540,058 ",TWD,SELL,41.5 ,#N/A,#N/A,#N/A,37.45,-9.2%,IN,VOL_10%,NHMS05 (MS_VKR),VOL_10%,,,
,,1 ,128.5,134.5,129 ,-2.7%,IN,6285 TT Equity,2023-11-02,WISTRON NEWEB CORP,EMS/ODM,Technology Hardware,"13,619,990 ",132.00 ,1 ,747 ,"5,722,028 ",0.4 ,1.54 ,0.77 ,-1.12 ,2.8 ,131.00 ,128.00 ,"40,000 ","219,251,472 ",TWD,SELL,41.5 ,128.5,134.5,128.5,124,6.5%,IN,VOL_10%,NHMS05 (MS_VKR),VOL_10%,,,
,,,#N/A,#N/A,317 ,-3.4%,IN,6531 TT Equity,2023-10-30,AP MEMORY TECHNOLOGY CORP,Memory ICs,Semiconductors,"6,866,871 ",328.00 ,#N/A,"1,019 ","16,066,314 ",2.3 ,1.27 ,11.35 ,-5.17 ,4.4 ,353.00 ,340.00 ,"15,000 ","204,302,508 ",TWD,SELL,41.5 ,#N/A,#N/A,#N/A,332.5,-1.4%,IN,VOL_10%,NHMS05 (MS_VKR),VOL_10%,,,
,,1 ,156.5,161,157 ,-5.4%,IN,4979 TT Equity,2023-11-03,LUXNET CORP,App Specific Communication,Semiconductors,"16,344,600 ",165.50 ,1 ,"1,123 ","481,898 ",0.0 ,-1.49 ,3.44 ,-1.49 ,6.4 ,168.00 ,159.50 ,"30,000 ","206,171,129 ",TWD,SELL,41.5 ,156.5,156.5,161,166.5,-0.6%,IN,VOL_10%,NHMS05 (MS_VKR),VOL_10%,,,
,,,#N/A,#N/A,341 ,7.9%,IN,2376 TT Equity,2023-11-13,GIGABYTE TECHNOLOGY CO LTD,PCBs,Technology Hardware,"21,530,680 ",316.00 ,#N/A,"2,731 ","20,782,010 ",1.0 ,-3.32 ,-13.56 ,-4.98 ,5.1 ,329.00 ,314.00 ,"15,000 ","196,828,026 ",TWD,SELL,41.5 ,#N/A,#N/A,#N/A,334,-5.4%,IN,VOL_10%,NHMS05 (MS_VKR),VOL_10%,,,
,,,#N/A,#N/A,878 ,-5.4%,IN,6643 TT Equity,2023-11-03,M31 TECHNOLOGY CORP,Intellectual Property - Semi,Semiconductors,"2,001,713 ",928.00 ,#N/A,753 ,"329,731 ",0.2 ,-0.98 ,-1.63 ,-1.20 ,3.8 ,916.00 ,892.00 ,"5,000 ","192,675,536 ",TWD,SELL,41.5 ,#N/A,#N/A,#N/A,941,-1.4%,IN,VOL_10%,NHMS05 (MS_VKR),VOL_10%,,,
,,1 ,2435,2580,2435 ,-2.2%,IN,3661 TT Equity,2023-11-06,ALCHIP TECHNOLOGIES LTD,Analog ICs,Semiconductors,"4,039,633 ",2490.00 ,1 ,"4,177 ","452,487 ",0.1 ,0.40 ,0.00 ,-1.39 ,4.7 ,"2,530.00 ","2,430.00 ","2,000 ","206,794,002 ",TWD,SELL,41.5 ,2435,2435,2580,2395,4.0%,IN,VOL_10%,NHMS05 (MS_VKR),VOL_10%,,,
,,,#N/A,61.7,55 ,-10.7%,IN,2634 TT Equity,2023-11-07,AEROSPACE INDUSTRIAL DEVELOP,Defense,Aerospace & Defense,"34,251,920 ",61.00 ,1 ,855 ,"14,541,270 ",0.4 ,-1.96 ,-2.28 ,-2.12 ,2.2 ,63.10 ,61.30 ,"80,000 ","202,641,512 ",TWD,SELL,41.5 ,#N/A,#N/A,#N/A,59,3.4%,IN,VOL_10%,NHMS05 (MS_VKR),VOL_10%,,,
,,,#N/A,#N/A,254 ,2.2%,IN,2382 TT Equity,2023-11-13,QUANTA COMPUTER INC,EMS/ODM,Technology Hardware,"56,510,720 ",248.50 ,#N/A,"5,667 ","17,082,383 ",0.3 ,-1.83 ,-1.23 ,-1.83 ,5.5 ,246.00 ,238.00 ,"18,000 ","185,740,878 ",TWD,SELL,41.5 ,#N/A,#N/A,#N/A,272.5,-8.8%,IN,VOL_10%,NHMS05 (MS_VKR),VOL_10%,,,
,,1 ,182,186,182 ,-2.2%,IN,3037 TT Equity,2023-10-25,UNIMICRON TECHNOLOGY CORP,PCBs,Technology Hardware,"28,379,470 ",186.00 ,0 ,"2,192 ","6,526,116 ",0.2 ,0.54 ,0.82 ,-0.27 ,2.8 ,185.00 ,181.00 ,"27,000 ","208,538,048 ",TWD,SELL,41.5 ,182,182,186,180.5,3.0%,IN,VOL_10%,NHMS05 (MS_VKR),VOL_10%,,,
,,,#N/A,#N/A,333 ,2.3%,IN,3017 TT Equity,2023-11-13,ASIA VITAL COMPONENTS,Keyboards & Mice,Technology Hardware,"15,824,790 ",325.50 ,#N/A,"2,149 ","4,046,524 ",0.3 ,-0.46 ,-2.39 ,-1.65 ,4.5 ,332.00 ,325.00 ,"13,000 ","175,712,614 ",TWD,SELL,41.5 ,#N/A,#N/A,#N/A,379.5,-14.2%,IN,VOL_10%,NHMS05 (MS_VKR),VOL_10%,,,
,,,#N/A,#N/A,#N/A,#N/A,IN,2449 TT Equity,2023-11-08,KING YUAN ELECTRONICS CO LTD,Semiconductor Mfg,Semiconductors,"16,469,160 ",79.10 ,,533 ,"11,116,855 ",0.7 ,0.00 ,3.60 ,-0.64 ,3.5 ,77.90 ,75.30 ,"56,000 ","183,938,697 ",TWD,SELL,41.5 ,#N/A,#N/A,#N/A,82.2,-3.8%,IN,VOL_10%,NHMS05 (MS_VKR),VOL_10%,,,
,,,116.5,120,117 ,0.4%,IN,3711 TT Equity,2023-10-27,ASE TECHNOLOGY HOLDING CO LT,Assembly & Testing Services,Semiconductors,"16,418,920 ",116.00 ,1 ,805 ,"6,058,311 ",0.4 ,0.00 ,0.00 ,0.00 ,1.8 ,118.50 ,116.00 ,"40,000 ","192,675,536 ",TWD,SELL,41.5 ,116.5,120,116.5,117.5,-1.3%,IN,VOL_10%,NHMS05 (MS_VKR),VOL_10%,,,
,,,289.5,314,290 ,0.5%,IN,1519 TT Equity,2023-11-09,FORTUNE ELECTRIC CO LTD,Electronic Coil,Electrical Equipment,"16,335,270 ",288.00 ,1 ,"1,947 ","6,240,031 ",0.4 ,-4.33 ,-0.35 ,-4.17 ,5.3 ,311.00 ,294.50 ,"15,000 ","179,387,568 ",TWD,SELL,41.5 ,289.5,314,289.5,311,-7.4%,IN,VOL_10%,NHMS05 (MS_VKR),VOL_10%,,,
,,1 ,485,508,485 ,-4.2%,IN,2327 TT Equity,2023-11-10,YAGEO CORPORATION,Passive Components,Technology Hardware,"2,593,474 ",506.00 ,1 ,545 ,"1,802,162 ",0.7 ,1.71 ,5.64 ,-0.20 ,1.5 ,507.00 ,497.00 ,"10,000 ","210,115,994 ",TWD,SELL,41.5 ,485,508,485,501,1.0%,IN,VOL_10%,NHMS05 (MS_VKR),VOL_10%,,,
,,1 ,278.5,288.5,279 ,-12.8%,IN,3324 TT Equity,2023-11-06,AURAS TECHNOLOGY CO LTD,Personal Computers,Technology Hardware,"7,461,099 ",319.50 ,1 ,990 ,"10,184,685 ",1.4 ,4.41 ,12.11 ,-0.78 ,4.5 ,306.00 ,287.00 ,"17,000 ","225,542,494 ",TWD,SELL,41.5 ,278.5,278.5,288.5,298.5,7.0%,IN,VOL_10%,NHMS05 (MS_VKR),VOL_10%,,,
,,1 ,83.4,87.8,83 ,-1.7%,IN,2201 TT Equity,2023-11-13,YULON MOTOR COMPANY,Automobiles,Automotive,"14,074,160 ",84.80 ,1 ,496 ,"11,818,822 ",0.8 ,-1.05 ,6.27 ,-1.97 ,2.3 ,88.70 ,85.10 ,"60,000 ","211,278,691 ",TWD,SELL,41.5 ,83.4,87.8,83.4,87.4,-3.0%,IN,VOL_10%,NHMS05 (MS_VKR),VOL_10%,,,
,,1 ,485,508,485 ,-4.2%,IN,2327 TT Equity,2023-11-10,YAGEO CORPORATION,Passive Components,Technology Hardware,"2,593,474 ",506.00 ,1 ,545 ,"1,802,162 ",0.7 ,1.71 ,5.64 ,-0.20 ,1.5 ,507.00 ,497.00 ,"10,000 ","210,115,994 ",TWD,SELL,41.5 ,485,508,485,504,0.4%,IN,VOL_10%,NHMS05 (MS_VKR),VOL_10%,,,
,,,,,,,,,,,,,,,,,,,,,,,,,,,,,,,,,,,,,,,,,
,,,,,,,,,,,,,,,,,,,,,,,,,   ,,,,,,,,,,,,,,,,
,,,,,,,,,,,, ,,,,,,,1.13 ,,,,,,," 2,133,404,025 ",,,,,,,," (8,018,458)",,,,,,,
,,,,,,,,,,,,,,,,,,,,,,,,,,,,,,,,,,,,,,,,,
,,,,,,0.0%,,,,,,,,,,,,,5.4,,,,,,," 9,727,280,558 ",,,,0,0,0,," 258,742,078 ",,,,  , ,,
,,,,,,,,,,,,,,,,,,,,,,,,,,,,,,,,,,,,,,,,,
,,,,,,,,065350 KS Equity,2023-11-14,SHINSUNG DELTA TECH CO LTD,Household Appliances,Home & Office Products,"2,986,642 ",55500.00 ,,"1,658 ","5,930,420 ",2.0 ,12.92 ,1.47 ,-5.77 ,16.0 ,"51,000.00 ","46,600.00 ",,,KRW,,1.0 ,,,,,,,,,,,,
,,,,,,,,047310 KS Equity,2023-11-13,POWER LOGICS CO LTD,Communication Equip Cmpnts,Technology Hardware,"4,034,423 ",10200.00 ,,412 ,"13,641,827 ",3.4 ,13.97 ,3.37 ,-6.34 ,17.8 ,"9,290.00 ","8,870.00 ",,,KRW,,1.0 ,,,,HANG,0,,,,,,,
,,,,,,,,403870 KS Equity,2023-11-14,HPSP CO LTD,Semiconductor Devices,Semiconductors,"2,132,292 ",35500.00 ,,757 ,"4,786,708 ",2.2 ,-2.47 ,11.62 ,-10.01 ,4.1 ,"37,600.00 ","34,950.00 ",,,KRW,,1.0 ,,,,WPBS,0,,,,,,,
,,,,,,,,024880 KS Equity,2023-11-13,KOREA PARTS & FASTENERS CO L,Bolts & Washers,Industrial Intermediate Prod,"598,400 ",5740.00 ,,34 ,"242,078 ",0.4 ,-0.69 ,5.33 ,-1.37 ,3.2 ,"5,950.00 ","5,520.00 ",,,KRW,,1.0 ,,,,,,,,,,,,
,,,,,,,,065440 KS Equity,2023-11-13,ELUON CORP,Computer & Software Whslrs,Wholesale - Discretionary,"862,127 ",2300.00 ,,20 ,"3,124,575 ",3.6 ,9.00 ,4.36 ,-2.54 ,2.7 ,"2,150.00 ","2,110.00 ",,,KRW,,1.0 ,,,,,,,,,,,,
,,,,,,,,012340 KS Equity,2023-11-14,NUINTEK CO LTD,Passive Components,Technology Hardware,"607,621 ",1380.00 ,,8 ,"268,900 ",0.4 ,-1.78 ,-15.70 ,-3.16 ,4.4 ,"1,476.00 ","1,403.00 ",,,KRW,,1.0 ,,,,,,,,,,,,
,,,,,,,,259960 KS Equity,2023-11-10,KRAFTON INC,Mobile & Online Games,Entertainment Content,"130,958 ",155600.00 ,,204 ,"37,315 ",0.3 ,-0.70 ,-0.32 ,-1.52 ,2.2 ,"156,800.00 ","154,800.00 ",,,KRW,,1.0 ,,,,,,,,,,,,
,,,,,,,,087260 KS Equity,2023-11-14,MOBILE APPLIANCE INC,Auto Electrical & Electronics,Automotive,"661,753 ",2910.00 ,,19 ,"1,074,438 ",1.6 ,-4.12 ,17.14 ,-3.80 ,5.7 ,"3,035.00 ","2,815.00 ",,,KRW,,1.0 ,,,,,,,,,,,,
,,,,,,,,005380 KS Equity,2024-01-26,HYUNDAI MOTOR CO,Automobiles,Automotive,"598,604 ",185900.00 ,,"1,113 ","183,495 ",0.3 ,-0.75 ,-0.43 ,-0.54 ,1.1 ,"187,400.00 ","185,600.00 ",,,KRW,,1.0 ,,,,,,,,,,,,
,,,,,,,,215600 KS Equity,2023-11-14,SILLAJEN INC,Contract Research,Health Care Facilities & Svcs,"1,058,538 ",4940.00 ,,52 ,"181,125 ",0.2 ,-0.40 ,-2.56 ,-1.98 ,2.8 ,"5,110.00 ","4,940.00 ",,,KRW,,1.0 ,,,,,,,,,,,,
,,1 ,13400,13910,13400 ,-3.9%,IN,034220 KS Equity,2023-10-26,LG DISPLAY CO LTD,Display Panels,Technology Hardware,"1,544,043 ",13940.00 ,1 ,215 ,"566,955 ",0.4 ,0.29 ,1.90 ,-0.71 ,1.9 ,"14,050.00 ","13,600.00 ",1 ,"13,940 ",KRW,SELL,1.0 ,13400,13910,13400,13280,5.0%,IN,VOL_10%,NHMS05 (MS_VKR),VOL_10%,,,
,,1 ,297000,300000,297000 ,-1.2%,IN,097950 KS Equity,2023-11-14,CJ CHEILJEDANG CORP,Packaged Food,Food,"41,746 ",300500.00 ,1 ,125 ,"7,260 ",0.2 ,-0.83 ,-0.66 ,-1.15 ,2.2 ,"303,000.00 ","296,500.00 ",1 ,"300,500 ",KRW,SELL,1.0 ,297000,297000,300000,311000,-3.4%,IN,VOL_10%,NHMS05 (MS_VKR),VOL_10%,,,
,,1 ,17820,18130,17820 ,-0.4%,IN,015760 KS Equity,2023-11-13,KOREA ELECTRIC POWER CORP,Integrated Electric Utilities,Electric Utilities,"1,292,166 ",17900.00 ,1 ,231 ,"245,019 ",0.2 ,-0.33 ,-0.89 ,-0.28 ,1.0 ,"17,960.00 ","17,750.00 ",1 ,"17,900 ",KRW,SELL,1.0 ,17820,17820,18130,18390,-2.7%,IN,VOL_10%,NHMS05 (MS_VKR),VOL_10%,,,
,,,,,,,,,,,,,,,,,,,,,,,,,,,,,,,,,,,,,,,,,
,,,,,,,,,,,,,,,,,,,,,,,,,,,,,,,,,,,,,,,,,
,,,,,,,,,,,,,,,,,,,,,,,,,,,,,,,,,,,,,,,,,
,,,,,,,,,,,,,,,,,,,,,,,,,,,,,,,,,,,,,,,,,
,,,,,,,,,,,,,,,,,,,,,,,,,,,,,,,,,,,,,,,,,
,,,,,,,,,,,,,,,,,,,,,,,,,,,,,,,,,,,,,,,,,
,,,,,,,,,,,,,,,,,,,,,,,,,,,,,,,,,,,,,,,,,
,,,,,,,,,,,,,,,,,,,,,,,,,,,,,,,,,,,,,,,,,
,,,,,,,,,,,,,,,,,,,,,,,,,,,,,,,,,,,,,,,,,
,,,,,,,,,,,,,,,,,,,,,,,,,,,,,,,,,,,,,,,,,
,,,,,,,,,,,,,,,,,,,,,,,,,,,,,,,,,,,,,,,,,
,,,,,,,,,,,,,,,,,,,,,,,,,,,,,,,,,,,,,,,,,
,,,,,,,,,,,,,,,,,,,,,,,,,,,,,,,,,,,,,,,,,
,,,,,,,,,,,,,,,,,,,,,,,,,,,,,,,,,,,,,,,,,
,,,,,,,,,,,,,,,,,,,,,,,,,,,,,,,,,,,,,,,,,
,,,,,,,,,,,,,,,,,,,,,,,,,,,,,,,,,,,,,,,,,
,,,,,,,,,,,,,,,,,,,,,,,,,,,,,,,,,,,,,,,,,
,,,,,,,,,,,,,,,,,,,,,,,,,,,,,,,,,,,,,,,,,
,,,,,,,,,,,,,,,,,,,,,,,,,,,,,,,,,,,,,,,,,
,,,,,,,,,,,,,,,,,,,,,,,,,,,,,,,,,,,,,,,,,
,,,,,,,,,,,,,,,,,,,,,,,,,,,,,,,,,,,,,,,,,
,,,,,,,,,,,,,,,,,,,,,,,,,,,,,,,,,,,,,,,,,
,,,,,,,,,,,,,,,,,,,,,,,,,,,,,,,,,,,,,,,,,
,,,,,,,,,,,,,,,,,,,,,,,,,,,,,,,,,,,,,,,,,
,,,,,,,,,,,,,,,,,,,,,,,,,,,,,,,,,,,,,,,,,
,,,,,,,,,,,,,,,,,,,,,,,,,,,,,,,,,,,,,,,,,
,,,,,,,,,,,,,,,,,,,,,,,,,,,,,,,,,,,,,,,,,
,,,,,,,,,,,,,,,,,,,,,,,,,,,,,,,,,,,,,,,,,
,,,,,,,,,,,,,,,,,,,,,,,,,,,,,,,,,,,,,,,,,
,,,,,,,,,,,,,,,,,,,,,,,,,,,,,,,,,,,,,,,,,
,,,,,,,,,,,,,,,,,,,,,,,,,,,,,,,,,,,,,,,,,
,,,,,,,,,,,,,,,,,,,,,,,,,,,,,,,,,,,,,,,,,
